"Symbol","Name","LastSale","MarketCap","ADR TSO","IPOyear","Sector","Industry","Summary Quote",
"XXII","22nd Century Group, Inc","0.92","123666030.16","n/a","n/a","Consumer Non-Durables","Farming/Seeds/Milling","https://old.nasdaq.com/symbol/xxii",
"GOLF","Acushnet Holdings Corp.","30.79","2314333552.16","n/a","2016","Consumer Non-Durables","Recreational Products/Toys","https://old.nasdaq.com/symbol/golf",
"AGRO","Adecoagro S.A.","7.87","924603140.92","n/a","2011","Consumer Non-Durables","Farming/Seeds/Milling","https://old.nasdaq.com/symbol/agro",
"ALCO","Alico, Inc.","36.49","272933194.79","n/a","n/a","Consumer Non-Durables","Farming/Seeds/Milling","https://old.nasdaq.com/symbol/alco",
"MO","Altria Group","46.22","85875907425.88","n/a","n/a","Consumer Non-Durables","Farming/Seeds/Milling","https://old.nasdaq.com/symbol/mo",
"AMAL","Amalgamated Bank","18.48","582398974.08","n/a","2018","Consumer Non-Durables","Textiles","https://old.nasdaq.com/symbol/amal",
"ABEV","Ambev S.A.","3.9","61346818189.8","n/a","2013","Consumer Non-Durables","Beverages (Production/Distribution)","https://old.nasdaq.com/symbol/abev",
"DIT","AMCON Distributing Company","80","45266640","n/a","n/a","Consumer Non-Durables","Food Distributors","https://old.nasdaq.com/symbol/dit",
"RYCE","Amira Nature Foods Ltd","7.1744","14477817.2352","n/a","2012","Consumer Non-Durables","Packaged Foods","https://old.nasdaq.com/symbol/ryce",
"BUD","Anheuser-Busch Inbev SA","74.8","146561576576.8","n/a","n/a","Consumer Non-Durables","Beverages (Production/Distribution)","https://old.nasdaq.com/symbol/bud",
"AXE","Anixter International Inc.","98.11","3319117124.59","n/a","n/a","Consumer Non-Durables","Telecommunications Equipment","https://old.nasdaq.com/symbol/axe",
"APEX","Apex Global Brands Inc.","0.7184","4001868.752","n/a","n/a","Consumer Non-Durables","Apparel","https://old.nasdaq.com/symbol/apex",
"ATR","AptarGroup, Inc.","116.7","7460290119.3","n/a","n/a","Consumer Non-Durables","Plastic Products","https://old.nasdaq.com/symbol/atr",
"ADM","Archer-Daniels-Midland Company","45.71","25446131458.65","n/a","n/a","Consumer Non-Durables","Packaged Foods","https://old.nasdaq.com/symbol/adm",
"FUV","Arcimoto, Inc.","1.75","34013680.75","n/a","2017","Consumer Non-Durables","Motor Vehicles","https://old.nasdaq.com/symbol/fuv",
"ARLO","Arlo Technologies, Inc.","3.73","282392671.43","n/a","2018","Consumer Non-Durables","Consumer Electronics/Appliances","https://old.nasdaq.com/symbol/arlo",
"AFI","Armstrong Flooring, Inc.","3.57","76755742.56","n/a","2016","Consumer Non-Durables","Plastic Products","https://old.nasdaq.com/symbol/afi",
"AWI","Armstrong World Industries Inc","102.64","4977829588","n/a","n/a","Consumer Non-Durables","Plastic Products","https://old.nasdaq.com/symbol/awi",
"AHI","Avadim Health, Inc.","n/a","0","n/a","n/a","Consumer Non-Durables","Package Goods/Cosmetics","https://old.nasdaq.com/symbol/ahi",
"BGS","B&G Foods, Inc.","14.41","922883392.09","n/a","n/a","Consumer Non-Durables","Packaged Foods","https://old.nasdaq.com/symbol/bgs",
"BRBR","BellRing Brands, Inc.","21.26","838251440.72","n/a","2019","Consumer Non-Durables","Packaged Foods","https://old.nasdaq.com/symbol/brbr",
"BERY","Berry Global Group, Inc.","41.95","5554180000","n/a","2012","Consumer Non-Durables","Plastic Products","https://old.nasdaq.com/symbol/bery",
"BYND","Beyond Meat, Inc.","116.44","7163611433.28","n/a","2019","Consumer Non-Durables","Packaged Foods","https://old.nasdaq.com/symbol/bynd",
"BHAT","Blue Hat Interactive Entertainment Technology","1.23","43050000","n/a","2019","Consumer Non-Durables","Recreational Products/Toys","https://old.nasdaq.com/symbol/bhat",
"SAM","Boston Beer Company, Inc. (The)","363.52","4374601497.6","n/a","n/a","Consumer Non-Durables","Beverages (Production/Distribution)","https://old.nasdaq.com/symbol/sam",
"LND","Brasilagro Cia Brasileira De Propriedades Agricolas","4.4948","265938415.366","n/a","n/a","Consumer Non-Durables","Farming/Seeds/Milling","https://old.nasdaq.com/symbol/lnd",
"BRFS","BRF S.A.","7.29","5917728942","n/a","n/a","Consumer Non-Durables","Meat/Poultry/Fish","https://old.nasdaq.com/symbol/brfs",
"BRID","Bridgford Foods Corporation","22.17","201233365.44","n/a","n/a","Consumer Non-Durables","Specialty Foods","https://old.nasdaq.com/symbol/brid",
"BV","BrightView Holdings, Inc.","15.67","1642926274.09","n/a","2018","Consumer Non-Durables","Farming/Seeds/Milling","https://old.nasdaq.com/symbol/bv",
"BTI","British American Tobacco p.l.c.","44.46","101986303517.28","n/a","n/a","Consumer Non-Durables","Farming/Seeds/Milling","https://old.nasdaq.com/symbol/bti",
"BG","Bunge Limited","54.08","7661106539.84","n/a","2001","Consumer Non-Durables","Packaged Foods","https://old.nasdaq.com/symbol/bg",
"CVGW","Calavo Growers, Inc.","75.08","1321004144.68","n/a","n/a","Consumer Non-Durables","Farming/Seeds/Milling","https://old.nasdaq.com/symbol/cvgw",
"CAL","Caleres, Inc.","17.77","720304497.74","n/a","n/a","Consumer Non-Durables","Shoe Manufacturing","https://old.nasdaq.com/symbol/cal",
"ELY","Callaway Golf Company","20.2","1900951825.2","n/a","1992","Consumer Non-Durables","Recreational Products/Toys","https://old.nasdaq.com/symbol/ely",
"CALM","Cal-Maine Foods, Inc.","36.79","1791419774.43","n/a","1996","Consumer Non-Durables","Farming/Seeds/Milling","https://old.nasdaq.com/symbol/calm",
"CPB","Campbell Soup Company","48.88","14744913361.36","n/a","n/a","Consumer Non-Durables","Packaged Foods","https://old.nasdaq.com/symbol/cpb",
"GOOS","Canada Goose Holdings Inc.","31.84","1894207640.64","n/a","2017","Consumer Non-Durables","Apparel","https://old.nasdaq.com/symbol/goos",
"CSWC","Capital Southwest Corporation","20.59","383543890.02","n/a","n/a","Consumer Non-Durables","Textiles","https://old.nasdaq.com/symbol/cswc",
"CSWCL","Capital Southwest Corporation","25.8654","0","n/a","n/a","Consumer Non-Durables","Textiles","https://old.nasdaq.com/symbol/cswcl",
"CPRI","Capri Holdings Limited","30.5","4555644608.5","n/a","2011","Consumer Non-Durables","Apparel","https://old.nasdaq.com/symbol/cpri",
"CRI","Carter&#39;s, Inc.","106.53","4703019006.51","n/a","2003","Consumer Non-Durables","Apparel","https://old.nasdaq.com/symbol/cri",
"YCBD","cbdMD, Inc.","1.13","52180977.28","n/a","2017","Consumer Non-Durables","Package Goods/Cosmetics","https://old.nasdaq.com/symbol/ycbd",
"CELH","Celsius Holdings, Inc.","5.69","391900212.33","n/a","n/a","Consumer Non-Durables","Beverages (Production/Distribution)","https://old.nasdaq.com/symbol/celh",
"CTRC","Centric Brands Inc.","2.1","126602160.3","n/a","n/a","Consumer Non-Durables","Apparel","https://old.nasdaq.com/symbol/ctrc",
"PLIN","China Xiangtai Food Co., Ltd.","2.86","63188917.22","n/a","2019","Consumer Non-Durables","Meat/Poultry/Fish","https://old.nasdaq.com/symbol/plin",
"CTAS","Cintas Corporation","291.58","30251657680.84","n/a","1983","Consumer Non-Durables","Apparel","https://old.nasdaq.com/symbol/ctas",
"CLAR","Clarus Corporation","13.255","394463763.1","n/a","n/a","Consumer Non-Durables","Recreational Products/Toys","https://old.nasdaq.com/symbol/clar",
"KOF","Coca Cola Femsa S.A.B. de C.V.","64.08","107697065040.72","n/a","1993","Consumer Non-Durables","Beverages (Production/Distribution)","https://old.nasdaq.com/symbol/kof",
"KO","Coca-Cola Company (The)","59.19","253333200000","n/a","n/a","Consumer Non-Durables","Beverages (Production/Distribution)","https://old.nasdaq.com/symbol/ko",
"COKE","Coca-Cola Consolidated, Inc.","279.36","2618633759.04","n/a","1972","Consumer Non-Durables","Beverages (Production/Distribution)","https://old.nasdaq.com/symbol/coke",
"CCEP","Coca-Cola European Partners plc","53.7","24514397868.6","n/a","2016","Consumer Non-Durables","Beverages (Production/Distribution)","https://old.nasdaq.com/symbol/ccep",
"JVA","Coffee Holding Co., Inc.","3.7875","21093909.3375","n/a","2005","Consumer Non-Durables","Food Distributors","https://old.nasdaq.com/symbol/jva",
"CL","Colgate-Palmolive Company","76.03","65161072046.6","n/a","n/a","Consumer Non-Durables","Package Goods/Cosmetics","https://old.nasdaq.com/symbol/cl",
"COLM","Columbia Sportswear Company","90.45","6107726428.65","n/a","1998","Consumer Non-Durables","Apparel","https://old.nasdaq.com/symbol/colm",
"CCU","Compania Cervecerias Unidas, S.A.","18.43","3404968965.48","n/a","n/a","Consumer Non-Durables","Beverages (Production/Distribution)","https://old.nasdaq.com/symbol/ccu",
"CAG","ConAgra Brands, Inc.","31.95","15553701325.35","n/a","n/a","Consumer Non-Durables","Packaged Foods","https://old.nasdaq.com/symbol/cag",
"STZ","Constellation Brands Inc","200.34","38394685392.84","n/a","n/a","Consumer Non-Durables","Beverages (Production/Distribution)","https://old.nasdaq.com/symbol/stz",
"CMT","Core Molding Technologies Inc","3.15","26047602","n/a","n/a","Consumer Non-Durables","Plastic Products","https://old.nasdaq.com/symbol/cmt",
"CORE","Core-Mark Holding Company, Inc.","23.62","1076299011.88","n/a","n/a","Consumer Non-Durables","Food Distributors","https://old.nasdaq.com/symbol/core",
"CTVA","Corteva, Inc.","31.04","23235830080","n/a","2019","Consumer Non-Durables","Farming/Seeds/Milling","https://old.nasdaq.com/symbol/ctva",
"CZZ","Cosan Limited","21.89","4855405642.67","n/a","n/a","Consumer Non-Durables","Specialty Foods","https://old.nasdaq.com/symbol/czz",
"COT","Cott Corporation","15.63","2106974187.93","n/a","n/a","Consumer Non-Durables","Beverages (Production/Distribution)","https://old.nasdaq.com/symbol/cot",
"COTY","Coty Inc.","12.03","9149426605.2","n/a","2013","Consumer Non-Durables","Package Goods/Cosmetics","https://old.nasdaq.com/symbol/coty",
"BREW","Craft Brew Alliance, Inc.","16.11","314079061.77","n/a","n/a","Consumer Non-Durables","Beverages (Production/Distribution)","https://old.nasdaq.com/symbol/brew",
"CROX","Crocs, Inc.","37.84","2596104999.84","n/a","2006","Consumer Non-Durables","Shoe Manufacturing","https://old.nasdaq.com/symbol/crox",
"DAR","Darling Ingredients Inc.","28.2","4616650143.6","n/a","n/a","Consumer Non-Durables","Packaged Foods","https://old.nasdaq.com/symbol/dar",
"DTEA","DAVIDsTEA Inc.","1.41","36772323.42","n/a","2015","Consumer Non-Durables","Food Chains","https://old.nasdaq.com/symbol/dtea",
"DECK","Deckers Outdoor Corporation","191.38","5356264400.06","n/a","1993","Consumer Non-Durables","Shoe Manufacturing","https://old.nasdaq.com/symbol/deck",
"DLA","Delta Apparel, Inc.","24.88","173881916.24","n/a","n/a","Consumer Non-Durables","Apparel","https://old.nasdaq.com/symbol/dla",
"DSWL","Deswell Industries, Inc.","2.7662","44024734.1218","n/a","1995","Consumer Non-Durables","Plastic Products","https://old.nasdaq.com/symbol/dswl",
"DEO","Diageo plc","163.19","95341507925.85","n/a","n/a","Consumer Non-Durables","Beverages (Production/Distribution)","https://old.nasdaq.com/symbol/deo",
"DPZ","Domino&#39;s Pizza Inc","275.51","11268485183.58","n/a","2004","Consumer Non-Durables","Food Distributors","https://old.nasdaq.com/symbol/dpz",
"ELF","e.l.f. Beauty, Inc.","18.96","947206050","n/a","2016","Consumer Non-Durables","Package Goods/Cosmetics","https://old.nasdaq.com/symbol/elf",
"EAST","Eastside Distilling, Inc.","3.7","35797603.6","n/a","n/a","Consumer Non-Durables","Beverages (Production/Distribution)","https://old.nasdaq.com/symbol/east",
"EPC","Edgewell Personal Care","30.48","1655066560.32","n/a","n/a","Consumer Non-Durables","Package Goods/Cosmetics","https://old.nasdaq.com/symbol/epc",
"EDNT","Edison Nation, Inc.","2.66","16108507.8","n/a","2018","Consumer Non-Durables","Recreational Products/Toys","https://old.nasdaq.com/symbol/ednt",
"MSN","Emerson Radio Corporation","0.8805","18528055.086","n/a","n/a","Consumer Non-Durables","Consumer Electronics/Appliances","https://old.nasdaq.com/symbol/msn",
"ENS","Enersys","71.75","3035663503.25","n/a","2004","Consumer Non-Durables","Telecommunications Equipment","https://old.nasdaq.com/symbol/ens",
"ENTG","Entegris, Inc.","55.54","7490923398.44","n/a","2000","Consumer Non-Durables","Plastic Products","https://old.nasdaq.com/symbol/entg",
"ESCA","Escalade, Incorporated","9.03","128813311.2","n/a","n/a","Consumer Non-Durables","Recreational Products/Toys","https://old.nasdaq.com/symbol/esca",
"EL","Estee Lauder Companies, Inc. (The)","208.96","75129529804.16","n/a","1995","Consumer Non-Durables","Package Goods/Cosmetics","https://old.nasdaq.com/symbol/el",
"EVK","Ever-Glory International Group, Inc.","1.37","20278424.9","n/a","n/a","Consumer Non-Durables","Apparel","https://old.nasdaq.com/symbol/evk",
"FARM","Farmer Brothers Company","13.53","232410871.44","n/a","n/a","Consumer Non-Durables","Packaged Foods","https://old.nasdaq.com/symbol/farm",
"FAMI","FARMMI, INC.","0.7801","11228010.504","n/a","2018","Consumer Non-Durables","Packaged Foods","https://old.nasdaq.com/symbol/fami",
"FLO","Flowers Foods, Inc.","22.3","4716763783.3","n/a","n/a","Consumer Non-Durables","Packaged Foods","https://old.nasdaq.com/symbol/flo",
"FMX","Fomento Economico Mexicano S.A.B. de C.V.","93.91","168015614507.85","n/a","n/a","Consumer Non-Durables","Beverages (Production/Distribution)","https://old.nasdaq.com/symbol/fmx",
"FORD","Forward Industries, Inc.","1.12","10677913.12","n/a","n/a","Consumer Non-Durables","Plastic Products","https://old.nasdaq.com/symbol/ford",
"FOSL","Fossil Group, Inc.","6.66","336439736.82","n/a","1993","Consumer Non-Durables","Consumer Specialties","https://old.nasdaq.com/symbol/fosl",
"FOXF","Fox Factory Holding Corp.","68.6","2642768214.8","n/a","2013","Consumer Non-Durables","Motor Vehicles","https://old.nasdaq.com/symbol/foxf",
"FDP","Fresh Del Monte Produce, Inc.","33","1586716626","n/a","1997","Consumer Non-Durables","Farming/Seeds/Milling","https://old.nasdaq.com/symbol/fdp",
"FRPT","Freshpet, Inc.","66.24","2390607959.04","n/a","2014","Consumer Non-Durables","Packaged Foods","https://old.nasdaq.com/symbol/frpt",
"FORK","Fuling Global Inc.","2.23","35224879.3","n/a","2015","Consumer Non-Durables","Plastic Products","https://old.nasdaq.com/symbol/fork",
"FNKO","Funko, Inc.","8.61","425483572.92","n/a","2017","Consumer Non-Durables","Recreational Products/Toys","https://old.nasdaq.com/symbol/fnko",
"FTFT","Future FinTech Group Inc.","0.9399","31151809.6851","n/a","n/a","Consumer Non-Durables","Packaged Foods","https://old.nasdaq.com/symbol/ftft",
"WILC","G. Willi-Food International,  Ltd.","12.9","170499519.3","n/a","n/a","Consumer Non-Durables","Food Distributors","https://old.nasdaq.com/symbol/wilc",
"GNSS","Genasys Inc.","3.7","122223321","n/a","n/a","Consumer Non-Durables","Consumer Electronics/Appliances","https://old.nasdaq.com/symbol/gnss",
"GIS","General Mills, Inc.","51.9","31389992594.7","n/a","n/a","Consumer Non-Durables","Packaged Foods","https://old.nasdaq.com/symbol/gis",
"GIII","G-III Apparel Group, LTD.","27.76","1327633048.48","n/a","1989","Consumer Non-Durables","Apparel","https://old.nasdaq.com/symbol/giii",
"GIL","Gildan Activewear, Inc.","28.3","5632304544.6","n/a","1998","Consumer Non-Durables","Apparel","https://old.nasdaq.com/symbol/gil",
"GLAD","Gladstone Capital Corporation","10.33","321795811.07","n/a","2001","Consumer Non-Durables","Textiles","https://old.nasdaq.com/symbol/glad",
"GLADD","Gladstone Capital Corporation","25.9745","0","n/a","n/a","Consumer Non-Durables","Textiles","https://old.nasdaq.com/symbol/gladd",
"GLADL","Gladstone Capital Corporation","25.8","0","n/a","n/a","Consumer Non-Durables","Textiles","https://old.nasdaq.com/symbol/gladl",
"GNC","GNC Holdings, Inc.","2.17","183506781.29","n/a","2011","Consumer Non-Durables","Food Chains","https://old.nasdaq.com/symbol/gnc",
"GES","Guess?, Inc.","21.78","1429619380.2","n/a","1996","Consumer Non-Durables","Apparel","https://old.nasdaq.com/symbol/ges",
"HOG","Harley-Davidson, Inc.","33.87","5225883181.56","n/a","n/a","Consumer Non-Durables","Motor Vehicles","https://old.nasdaq.com/symbol/hog",
"HAS","Hasbro, Inc.","99.74","13647755336.8","n/a","n/a","Consumer Non-Durables","Recreational Products/Toys","https://old.nasdaq.com/symbol/has",
"HSY","Hershey Company (The)","156.05","32602181192.95","n/a","n/a","Consumer Non-Durables","Specialty Foods","https://old.nasdaq.com/symbol/hsy",
"HFFG","HF Foods Group Inc.","17.54","914624983.84","n/a","2017","Consumer Non-Durables","Food Distributors","https://old.nasdaq.com/symbol/hffg",
"HRL","Hormel Foods Corporation","47.09","25180753227.87","n/a","n/a","Consumer Non-Durables","Meat/Poultry/Fish","https://old.nasdaq.com/symbol/hrl",
"TWNK","Hostess Brands, Inc.","13.13","1712181739.45","n/a","2015","Consumer Non-Durables","Packaged Foods","https://old.nasdaq.com/symbol/twnk",
"TWNKW","Hostess Brands, Inc.","1.2961","0","n/a","2015","Consumer Non-Durables","Packaged Foods","https://old.nasdaq.com/symbol/twnkw",
"HWCC","Houston Wire & Cable Company","4.04","66253915.36","n/a","2006","Consumer Non-Durables","Telecommunications Equipment","https://old.nasdaq.com/symbol/hwcc",
"ICON","Iconix Brand Group, Inc.","1.37","16073212.64","n/a","n/a","Consumer Non-Durables","Shoe Manufacturing","https://old.nasdaq.com/symbol/icon",
"IBA","Industrias Bachoco, S.A. de C.V.","48.41","2420500000","n/a","1997","Consumer Non-Durables","Meat/Poultry/Fish","https://old.nasdaq.com/symbol/iba",
"INGR","Ingredion Incorporated","89.94","6004753350.54","n/a","n/a","Consumer Non-Durables","Packaged Foods","https://old.nasdaq.com/symbol/ingr",
"IMTE","Integrated Media Technology Limited","7.95","26850218.7","n/a","n/a","Consumer Non-Durables","Consumer Electronics/Appliances","https://old.nasdaq.com/symbol/imte",
"IPAR","Inter Parfums, Inc.","69.17","2176404168.56","n/a","n/a","Consumer Non-Durables","Package Goods/Cosmetics","https://old.nasdaq.com/symbol/ipar",
"JJSF","J & J Snack Foods Corp.","169.39","3204679754.77","n/a","1986","Consumer Non-Durables","Specialty Foods","https://old.nasdaq.com/symbol/jjsf",
"JILL","J. Jill, Inc.","1.16","51080145.28","n/a","2017","Consumer Non-Durables","Apparel","https://old.nasdaq.com/symbol/jill",
"SJM","J.M. Smucker Company (The)","108.23","12344322981.47","n/a","n/a","Consumer Non-Durables","Packaged Foods","https://old.nasdaq.com/symbol/sjm",
"JAKK","JAKKS Pacific, Inc.","0.87","30633022.77","n/a","1996","Consumer Non-Durables","Recreational Products/Toys","https://old.nasdaq.com/symbol/jakk",
"JRSH","Jerash Holdings (US), Inc.","5.93","67157250","n/a","2018","Consumer Non-Durables","Apparel","https://old.nasdaq.com/symbol/jrsh",
"JBSS","John B. Sanfilippo & Son, Inc.","77.18","881311936.88","n/a","1991","Consumer Non-Durables","Specialty Foods","https://old.nasdaq.com/symbol/jbss",
"JOUT","Johnson Outdoors Inc.","74.41","749324549.33","n/a","n/a","Consumer Non-Durables","Recreational Products/Toys","https://old.nasdaq.com/symbol/jout",
"KBSF","KBS Fashion Group Limited","2","5182598","n/a","2013","Consumer Non-Durables","Apparel","https://old.nasdaq.com/symbol/kbsf",
"K","Kellogg Company","64.17","21888013402.26","n/a","n/a","Consumer Non-Durables","Packaged Foods","https://old.nasdaq.com/symbol/k",
"KDP","Keurig Dr Pepper Inc.","28.57","40191914075.24","n/a","n/a","Consumer Non-Durables","Beverages (Production/Distribution)","https://old.nasdaq.com/symbol/kdp",
"KN","Knowles Corporation","16.11","1474795282.41","n/a","2014","Consumer Non-Durables","Consumer Electronics/Appliances","https://old.nasdaq.com/symbol/kn",
"KTB","Kontoor Brands, Inc.","39.29","2237352391.04","n/a","2019","Consumer Non-Durables","Apparel","https://old.nasdaq.com/symbol/ktb",
"KOSS","Koss Corporation","1.4607","10816236.6417","n/a","n/a","Consumer Non-Durables","Consumer Electronics/Appliances","https://old.nasdaq.com/symbol/koss",
"LW","Lamb Weston Holdings, Inc.","94.45","13798399978.4","n/a","2016","Consumer Non-Durables","Packaged Foods","https://old.nasdaq.com/symbol/lw",
"LANC","Lancaster Colony Corporation","155.01","4264790130","n/a","n/a","Consumer Non-Durables","Packaged Foods","https://old.nasdaq.com/symbol/lanc",
"LNDC","Landec Corporation","11.55","336832453.65","n/a","1996","Consumer Non-Durables","Packaged Foods","https://old.nasdaq.com/symbol/lndc",
"LEVI","Levi Strauss & Co","19.35","7626146999.4","n/a","2019","Consumer Non-Durables","Apparel","https://old.nasdaq.com/symbol/levi",
"LWAY","Lifeway Foods, Inc.","2.42","38018052.38","n/a","n/a","Consumer Non-Durables","Packaged Foods","https://old.nasdaq.com/symbol/lway",
"LMNR","Limoneira Co","20.85","371965146.75","n/a","n/a","Consumer Non-Durables","Farming/Seeds/Milling","https://old.nasdaq.com/symbol/lmnr",
"LULU","lululemon athletica inc.","243.51","31728112803.57","n/a","2007","Consumer Non-Durables","Apparel","https://old.nasdaq.com/symbol/lulu",
"MAT","Mattel, Inc.","14.08","4881754099.2","n/a","n/a","Consumer Non-Durables","Recreational Products/Toys","https://old.nasdaq.com/symbol/mat",
"MKC","McCormick & Company, Incorporated","163.11","21679555890.54","n/a","n/a","Consumer Non-Durables","Packaged Foods","https://old.nasdaq.com/symbol/mkc",
"MKC.V","McCormick & Company, Incorporated","n/a","0","n/a","n/a","Consumer Non-Durables","Packaged Foods","https://old.nasdaq.com/symbol/mkc.v",
"MED","MEDIFAST INC","100.59","1168390168.89","n/a","n/a","Consumer Non-Durables","Packaged Foods","https://old.nasdaq.com/symbol/med",
"MGPI","MGP Ingredients, Inc.","34.26","583347178.38","n/a","n/a","Consumer Non-Durables","Beverages (Production/Distribution)","https://old.nasdaq.com/symbol/mgpi",
"TAP","Molson Coors Beverage Company","57.78","12501326561.76","n/a","n/a","Consumer Non-Durables","Beverages (Production/Distribution)","https://old.nasdaq.com/symbol/tap",
"MDLZ","Mondelez International, Inc.","58.66","84460097602.86","n/a","n/a","Consumer Non-Durables","Packaged Foods","https://old.nasdaq.com/symbol/mdlz",
"MNST","Monster Beverage Corporation","68.905","37048956436.02","n/a","n/a","Consumer Non-Durables","Beverages (Production/Distribution)","https://old.nasdaq.com/symbol/mnst",
"MOV","Movado Group Inc.","16.41","377725297.95","n/a","n/a","Consumer Non-Durables","Consumer Specialties","https://old.nasdaq.com/symbol/mov",
"MYE","Myers Industries, Inc.","16.62","590342416.62","n/a","n/a","Consumer Non-Durables","Plastic Products","https://old.nasdaq.com/symbol/mye",
"NAKD","Naked Brand Group Limited","0.64","2698778.24","n/a","n/a","Consumer Non-Durables","Apparel","https://old.nasdaq.com/symbol/nakd",
"FIZZ","National Beverage Corp.","42.85","1995206510.15","n/a","n/a","Consumer Non-Durables","Beverages (Production/Distribution)","https://old.nasdaq.com/symbol/fizz",
"NLS","Nautilus Group, Inc. (The)","3.17","94238777.57","n/a","n/a","Consumer Non-Durables","Recreational Products/Toys","https://old.nasdaq.com/symbol/nls",
"NBEV","New Age Beverages Corporation","1.92","150516412.8","n/a","n/a","Consumer Non-Durables","Beverages (Production/Distribution)","https://old.nasdaq.com/symbol/nbev",
"NWL","Newell Brands Inc.","20.06","8493404000","n/a","n/a","Consumer Non-Durables","Plastic Products","https://old.nasdaq.com/symbol/nwl",
"NKE","Nike, Inc.","99.44","154865148049.92","n/a","n/a","Consumer Non-Durables","Shoe Manufacturing","https://old.nasdaq.com/symbol/nke",
"NOMD","Nomad Foods Limited","19.86","3991145655.66","n/a","2016","Consumer Non-Durables","Packaged Foods","https://old.nasdaq.com/symbol/nomd",
"SEED","Origin Agritech Limited","6.09","19465125.96","n/a","n/a","Consumer Non-Durables","Farming/Seeds/Milling","https://old.nasdaq.com/symbol/seed",
"OXM","Oxford Industries, Inc.","69.64","1186665878.56","n/a","n/a","Consumer Non-Durables","Apparel","https://old.nasdaq.com/symbol/oxm",
"PEP","Pepsico, Inc.","145.37","202709065085.06","n/a","n/a","Consumer Non-Durables","Beverages (Production/Distribution)","https://old.nasdaq.com/symbol/pep",
"PFGC","Performance Food Group Company","53.04","6215306017.44","n/a","2015","Consumer Non-Durables","Food Distributors","https://old.nasdaq.com/symbol/pfgc",
"PM","Philip Morris International Inc","87.45","136061235606.45","n/a","n/a","Consumer Non-Durables","Farming/Seeds/Milling","https://old.nasdaq.com/symbol/pm",
"PPC","Pilgrim&#39;s Pride Corporation","26.42","6593650522.82","n/a","n/a","Consumer Non-Durables","Meat/Poultry/Fish","https://old.nasdaq.com/symbol/ppc",
"PLAG","Planet Green Holdings Corp","2.02","15913085.3","n/a","n/a","Consumer Non-Durables","Packaged Foods","https://old.nasdaq.com/symbol/plag",
"POPE","Pope Resources","115.72","505374119.8","n/a","n/a","Consumer Non-Durables","Environmental Services","https://old.nasdaq.com/symbol/pope",
"POST","Post Holdings, Inc.","102.02","7214706164.94","n/a","2012","Consumer Non-Durables","Packaged Foods","https://old.nasdaq.com/symbol/post",
"PRMW","Primo Water Corporation","15.3","604332512.1","n/a","2010","Consumer Non-Durables","Food Distributors","https://old.nasdaq.com/symbol/prmw",
"PVH","PVH Corp.","86.45","204121676.85","n/a","n/a","Consumer Non-Durables","Apparel","https://old.nasdaq.com/symbol/pvh",
"RL","Ralph Lauren Corporation","120.56","8890467050.96","n/a","1997","Consumer Non-Durables","Apparel","https://old.nasdaq.com/symbol/rl",
"RAND","Rand Capital Corporation","2.67","39129707.07","n/a","n/a","Consumer Non-Durables","Textiles","https://old.nasdaq.com/symbol/rand",
"RAVE","Rave Restaurant Group, Inc.","1.6217","24539450.881","n/a","n/a","Consumer Non-Durables","Food Distributors","https://old.nasdaq.com/symbol/rave",
"REED","Reeds, Inc.","1.04","49499014.24","n/a","n/a","Consumer Non-Durables","Beverages (Production/Distribution)","https://old.nasdaq.com/symbol/reed",
"REV","Revlon, Inc.","21.68","1149807732.16","n/a","1996","Consumer Non-Durables","Package Goods/Cosmetics","https://old.nasdaq.com/symbol/rev",
"RIBT","RiceBran Technologies","1.3","51973520.3","n/a","n/a","Consumer Non-Durables","Packaged Foods","https://old.nasdaq.com/symbol/ribt",
"RCKY","Rocky Brands, Inc.","25.89","190937947.41","n/a","1993","Consumer Non-Durables","Shoe Manufacturing","https://old.nasdaq.com/symbol/rcky",
"RMCF","Rocky Mountain Chocolate Factory, Inc.","8.31","49859434.92","n/a","n/a","Consumer Non-Durables","Specialty Foods","https://old.nasdaq.com/symbol/rmcf",
"SANW","S&W Seed Company","2.19","72936835.29","n/a","n/a","Consumer Non-Durables","Farming/Seeds/Milling","https://old.nasdaq.com/symbol/sanw",
"SAFM","Sanderson Farms, Inc.","136.21","3027870660.3","n/a","1987","Consumer Non-Durables","Meat/Poultry/Fish","https://old.nasdaq.com/symbol/safm",
"SENEA","Seneca Foods Corp.","38.72","354449501.12","n/a","n/a","Consumer Non-Durables","Packaged Foods","https://old.nasdaq.com/symbol/senea",
"SENEB","Seneca Foods Corp.","39.5","361589754.5","n/a","n/a","Consumer Non-Durables","Packaged Foods","https://old.nasdaq.com/symbol/seneb",
"SQBG","Sequential Brands Group, Inc.","0.305","20046416.885","n/a","n/a","Consumer Non-Durables","Apparel","https://old.nasdaq.com/symbol/sqbg",
"TYHT","Shineco, Inc.","0.615","16810058.22","n/a","2016","Consumer Non-Durables","Farming/Seeds/Milling","https://old.nasdaq.com/symbol/tyht",
"SITE","SiteOne Landscape Supply, Inc.","98.93","4093539588.06","n/a","2016","Consumer Non-Durables","Farming/Seeds/Milling","https://old.nasdaq.com/symbol/site",
"SKX","Skechers U.S.A., Inc.","39.51","6193499887.8","n/a","1999","Consumer Non-Durables","Shoe Manufacturing","https://old.nasdaq.com/symbol/skx",
"SONO","Sonos, Inc.","14.005","1540576189.35","n/a","2018","Consumer Non-Durables","Consumer Electronics/Appliances","https://old.nasdaq.com/symbol/sono",
"SNE","Sony Corp Ord","70.09","85919793697.88","n/a","n/a","Consumer Non-Durables","Consumer Electronics/Appliances","https://old.nasdaq.com/symbol/sne",
"SPTN","SpartanNash Company","12.5","454341712.5","n/a","n/a","Consumer Non-Durables","Food Distributors","https://old.nasdaq.com/symbol/sptn",
"SDI","Standard Diversified Inc.","11.66","194644834.12","n/a","n/a","Consumer Non-Durables","Tobacco","https://old.nasdaq.com/symbol/sdi",
"SHOO","Steven Madden, Ltd.","37.5","3153628462.5","n/a","1993","Consumer Non-Durables","Shoe Manufacturing","https://old.nasdaq.com/symbol/shoo",
"SGC","Superior Group of Companies, Inc.","10.97","167358254.18","n/a","n/a","Consumer Non-Durables","Apparel","https://old.nasdaq.com/symbol/sgc",
"SYY","Sysco Corporation","77.36","39338223826.16","n/a","n/a","Consumer Non-Durables","Food Distributors","https://old.nasdaq.com/symbol/syy",
"TLF","Tandy Leather Factory, Inc.","5.38","48065049.12","n/a","n/a","Consumer Non-Durables","Apparel","https://old.nasdaq.com/symbol/tlf",
"TPR","Tapestry, Inc.","27.97","7720525731.79","n/a","n/a","Consumer Non-Durables","Apparel","https://old.nasdaq.com/symbol/tpr",
"PETZ","TDH Holdings, Inc.","1.36","17022660.32","n/a","2017","Consumer Non-Durables","Packaged Foods","https://old.nasdaq.com/symbol/petz",
"WTER","The Alkaline Water Company Inc.","1.48","38269931.76","n/a","n/a","Consumer Non-Durables","Food Distributors","https://old.nasdaq.com/symbol/wter",
"CHEF","The Chefs&#39; Warehouse, Inc.","39","1183002093","n/a","2011","Consumer Non-Durables","Food Distributors","https://old.nasdaq.com/symbol/chef",
"HAIN","The Hain Celestial Group, Inc.","27.22","2841349356.4","n/a","n/a","Consumer Non-Durables","Packaged Foods","https://old.nasdaq.com/symbol/hain",
"KHC","The Kraft Heinz Company","29.54","36073085482.84","n/a","n/a","Consumer Non-Durables","Packaged Foods","https://old.nasdaq.com/symbol/khc",
"SMPL","The Simply Good Foods Company","23.13","2205070886.52","n/a","n/a","Consumer Non-Durables","Packaged Foods","https://old.nasdaq.com/symbol/smpl",
"THO","Thor Industries, Inc.","81.23","4483794949.88","n/a","n/a","Consumer Non-Durables","Homebuilding","https://old.nasdaq.com/symbol/tho",
"TR","Tootsie Roll Industries, Inc.","33.06","1299600402.42","n/a","n/a","Consumer Non-Durables","Specialty Foods","https://old.nasdaq.com/symbol/tr",
"THS","Treehouse Foods, Inc.","45.93","2581862125.47","n/a","n/a","Consumer Non-Durables","Packaged Foods","https://old.nasdaq.com/symbol/ths",
"TUP","Tupperware Brands Corporation","6.51","318333700.86","n/a","n/a","Consumer Non-Durables","Plastic Products","https://old.nasdaq.com/symbol/tup",
"TPB","Turning Point Brands, Inc.","21.53","423324733.11","n/a","2016","Consumer Non-Durables","Tobacco","https://old.nasdaq.com/symbol/tpb",
"TSN","Tyson Foods, Inc.","80.35","29330813343.75","n/a","n/a","Consumer Non-Durables","Meat/Poultry/Fish","https://old.nasdaq.com/symbol/tsn",
"UA","Under Armour, Inc.","17.97","8114629483.26","n/a","2016","Consumer Non-Durables","Apparel","https://old.nasdaq.com/symbol/ua",
"UAA","Under Armour, Inc.","20.25","9144198499.5","n/a","n/a","Consumer Non-Durables","Apparel","https://old.nasdaq.com/symbol/uaa",
"UFI","Unifi, Inc.","23.01","425810312.46","n/a","n/a","Consumer Non-Durables","Textiles","https://old.nasdaq.com/symbol/ufi",
"UNFI","United Natural Foods, Inc.","7.47","399705858.09","n/a","2019","Consumer Non-Durables","Food Distributors","https://old.nasdaq.com/symbol/unfi",
"UG","United-Guardian, Inc.","17.2681","79335159.9239","n/a","n/a","Consumer Non-Durables","Package Goods/Cosmetics","https://old.nasdaq.com/symbol/ug",
"UEIC","Universal Electronics Inc.","45.66","635960927.1","n/a","1993","Consumer Non-Durables","Consumer Electronics/Appliances","https://old.nasdaq.com/symbol/ueic",
"USFD","US Foods Holding Corp.","40.51","8888763223.07","n/a","2016","Consumer Non-Durables","Food Distributors","https://old.nasdaq.com/symbol/usfd",
"VFC","V.F. Corporation","82.96","32745994760.64","n/a","n/a","Consumer Non-Durables","Apparel","https://old.nasdaq.com/symbol/vfc",
"VGR","Vector Group Ltd.","13.51","1996643724.11","n/a","n/a","Consumer Non-Durables","Farming/Seeds/Milling","https://old.nasdaq.com/symbol/vgr",
"VRA","Vera Bradley, Inc.","9.71","326667966.17","n/a","2010","Consumer Non-Durables","Apparel","https://old.nasdaq.com/symbol/vra",
"VFF","Village Farms International, Inc.","5.01","263809911.69","n/a","n/a","Consumer Non-Durables","Farming/Seeds/Milling","https://old.nasdaq.com/symbol/vff",
"WCC","WESCO International, Inc.","47.84","1999572929.12","n/a","1999","Consumer Non-Durables","Telecommunications Equipment","https://old.nasdaq.com/symbol/wcc",
"WEYS","Weyco Group, Inc.","23.65","233847250.45","n/a","n/a","Consumer Non-Durables","Apparel","https://old.nasdaq.com/symbol/weys",
"WVVI","Willamette Valley Vineyards, Inc.","6.8896","34203618.9984","n/a","n/a","Consumer Non-Durables","Beverages (Production/Distribution)","https://old.nasdaq.com/symbol/wvvi",
"WVVIP","Willamette Valley Vineyards, Inc.","4.59","21402105.12","n/a","n/a","Consumer Non-Durables","Beverages (Production/Distribution)","https://old.nasdaq.com/symbol/wvvip",
"WGO","Winnebago Industries, Inc.","57.41","1933579420.85","n/a","n/a","Consumer Non-Durables","Homebuilding","https://old.nasdaq.com/symbol/wgo",
"WWW","Wolverine World Wide, Inc.","31.74","2566995860.64","n/a","n/a","Consumer Non-Durables","Shoe Manufacturing","https://old.nasdaq.com/symbol/www",
"YETI","YETI Holdings, Inc.","35.6","3085206644.8","n/a","2018","Consumer Non-Durables","Recreational Products/Toys","https://old.nasdaq.com/symbol/yeti",
